member_casual,day_of_week,total_rides,avg_ride_length
casual,Monday,170168,20.520029358144107
casual,Tuesday,160097,17.68577345265683
casual,Wednesday,157915,16.76318949360943
casual,Thursday,170917,17.58892860286962
casual,Friday,217746,20.023429602993087
casual,Saturday,293783,23.102675261445807
casual,Sunday,228054,23.597518970799314
member,Monday,393958,12.004216927312049
member,Tuesday,431675,11.880007654060732
member,Wednesday,427300,11.775218938528747
member,Thursday,419108,11.799483030030444
member,Friday,385916,12.284585544133956
member,Saturday,322095,13.681043744961372
member,Sunday,279658,13.55443229825954
