member_casual,month,total_rides,avg_ride_length
casual,January,16555,14.570926532769557
casual,February,29640,15.397803543634728
casual,March,60482,18.616338789777675
casual,April,87409,18.61418982179562
casual,May,158844,21.930628381409853
casual,June,199546,21.37135787036573
casual,July,227343,21.128960805039082
casual,August,219906,20.22906059505728
casual,September,172376,21.84726421417908
casual,October,143538,20.439783649974224
casual,November,64200,16.920424932762202
casual,December,18841,14.252727055357996
member,January,80551,11.999789151179584
member,February,117985,10.78833543586049
member,March,161402,11.378600575891253
member,April,215014,11.710956642978287
member,May,277413,12.549359671620772
member,June,310144,12.803487575395087
member,July,337952,12.599610404436135
member,August,341486,12.684144439401129
member,September,295373,12.697359020458878
member,October,274347,12.405935772215479
member,November,170719,12.047843283895368
member,December,77324,11.971661095089061
